file,profile,offered_journeys_s,duration_s,completed_client_http_rps,successful_holds,hold_503,overload_pct_all_client_http,generator_dropped,hold_or_conflict_p95_ms,hold_or_conflict_p99_ms,tickets,order_to_ticket_p95_s,post_http_drain_s,unconsumed_run_events_at_finish,max_global_outbox_age_s,observer_errors,correctness_pass
checkout-2.json,checkout,2,60,4.03,120,0,0.0,0,55.13,58.38,120,0.89580315,14.265,0,0.094,0,True
checkout-5.json,checkout,5,60,10.03,300,0,0.0,0,61.2,67.67,300,20.493806550000002,39.328,0,0.146,0,True
hot-100-confirm.json,hot,100,60,99.61,1,81,1.35,0,97.33,158.52,0,,0.094,0,9.1,0,True
hot-200.json,hot,200,30,95.9,1,34,1.178,3113,271.61,384.04,0,,0.078,,1.08,0,True
hot-75-confirm.json,hot,75,90,75.0,1,13,0.193,0,64.04,94.7,0,,0.078,0,0.0,0,True
spread-100.json,spread,100,30,79.6,2087,342,14.08,571,853.32,1300.81,0,,0.063,,9.132,0,True
spread-25.json,spread,25,30,25.0,750,0,0.0,0,81.62,168.65,0,,0.078,,0.129,0,True
spread-50-confirm.json,spread,50,60,50.01,2987,13,0.433,0,110.6,178.24,0,,0.094,2091,1.145,0,True
spread-50.json,spread,50,30,49.99,1499,1,0.067,0,73.48,110.65,0,,0.093,,0.508,0,True
